{
  "version": "2.0",
  "trained_at": "2026-05-20T03:54:59.141821",
  "training_samples": {
    "correct": 4,
    "misplaced": 6,
    "augmented_total": 70
  },
  "training_accuracy": 100.0,
  "cv_accuracy": 70.0,
  "original_accuracy": 100.0,
  "feature_keys": [
    "aisle_chair_ratio",
    "aspect_variance",
    "avg_aspect_ratio",
    "avg_spacing",
    "blue_desk_exposure",
    "chair_coverage_ratio",
    "edge_density",
    "floor_exposure",
    "max_column_x_deviation",
    "std_chair_x",
    "std_chair_y",
    "std_spacing",
    "x_variance",
    "y_variance"
  ],
  "normalization": {
    "mean": [
      0.25204337329337334,
      0.26945637354491747,
      1.6631542212890003,
      0.14349061580876413,
      0.21680518353174602,
      0.7615825644841271,
      0.021164186507936496,
      0.3269626488095238,
      0.21332407109799953,
      0.25238137912157893,
      0.19216661313504627,
      0.08631937433567942,
      0.06535625846204805,
      0.03749412344316262
    ],
    "std": [
      0.08838195731190022,
      0.1333808501269423,
      0.14333643761497858,
      0.04196588885395306,
      0.04851026084623501,
      0.13159349899302053,
      0.007392540099585021,
      0.08200254512506991,
      0.0587409751122051,
      0.04074184500900685,
      0.023793197333860948,
      0.035848827110010265,
      0.020644491055162792,
      0.009919098691653156
    ]
  },
  "classifier": {
    "type": "svm_rbf",
    "svm_model_path": "scene_classifier.pkl",
    "fallback_type": "centroid_linear",
    "correct_centroid": [
      -0.13245662037305247,
      -0.009556398917325801,
      0.24106864851965346,
      -0.11087813993410729,
      0.08880796852256749,
      0.4187455451061188,
      0.022671060817092543,
      -0.1288270905426552,
      -0.04514257426062212,
      -0.24188025061193366,
      -0.1262480778042684,
      0.20371416396537517,
      -0.20751612803138156,
      -0.11316092185715096
    ],
    "misplaced_centroid": [
      0.08830441358203409,
      0.006370932611551343,
      -0.1607124323464372,
      0.073918759956071,
      -0.05920531234837804,
      -0.27916369673741376,
      -0.01511404054472578,
      0.08588472702843694,
      0.03009504950707937,
      0.16125350040795383,
      0.08416538520284995,
      -0.13580944264358288,
      0.13834408535425557,
      0.07544061457143164
    ],
    "decision_boundary": [
      -0.022076103395509195,
      -0.0015927331528872292,
      0.04017810808660813,
      -0.018479689989018146,
      0.014801328087094726,
      0.06979092418435251,
      0.003778510136183381,
      -0.02147118175710913,
      -0.007523762376771374,
      -0.040313375101989915,
      -0.021041346300709217,
      0.033952360660896144,
      -0.03458602133856299,
      -0.01886015364285966
    ],
    "decision_direction": [
      0.1948229600535085,
      0.014055967299196106,
      -0.3545742564503253,
      0.16308439220592294,
      -0.13062262388377682,
      -0.6159091661634432,
      -0.03334558260281099,
      0.18948448966849596,
      0.06639766224685266,
      0.35576799611813437,
      0.1856911655274102,
      -0.29963165538107445,
      0.3052237495419438,
      0.1664420071756484
    ]
  },
  "reference_profiles": {
    "correct": {
      "avg": {
        "aisle_chair_ratio": 0.24033659792588366,
        "aspect_variance": 0.2681817329331724,
        "avg_aspect_ratio": 1.6977081425884646,
        "avg_spacing": 0.13883751611195633,
        "blue_desk_exposure": 0.22111328125000002,
        "chair_coverage_ratio": 0.816686755952381,
        "edge_density": 0.021331783234126985,
        "floor_exposure": 0.31639849950396826,
        "max_column_x_deviation": 0.21067235226685546,
        "std_chair_x": 0.24252673144040782,
        "std_chair_y": 0.18916276770682866,
        "std_spacing": 0.09362228817953443,
        "x_variance": 0.061072193613102184,
        "y_variance": 0.036371669091223094
      },
      "std": {
        "aisle_chair_ratio": 0.10534303653056411,
        "aspect_variance": 0.17880905827033425,
        "avg_aspect_ratio": 0.15282081501679337,
        "avg_spacing": 0.050085693759743664,
        "blue_desk_exposure": 0.06059350896158112,
        "chair_coverage_ratio": 0.13700059892599437,
        "edge_density": 0.007373713208178816,
        "floor_exposure": 0.08181178208353018,
        "max_column_x_deviation": 0.07913585298390059,
        "std_chair_x": 0.047465546978145055,
        "std_chair_y": 0.024271720266916878,
        "std_spacing": 0.041046899306181786,
        "x_variance": 0.02395980217015411,
        "y_variance": 0.010027778261649951
      }
    },
    "misplaced": {
      "avg": {
        "aisle_chair_ratio": 0.25984789020503307,
        "aspect_variance": 0.27030613395274766,
        "avg_aspect_ratio": 1.6401182737560238,
        "avg_spacing": 0.1465926822733026,
        "blue_desk_exposure": 0.21393311838624338,
        "chair_coverage_ratio": 0.7248464368386244,
        "edge_density": 0.021052455357142858,
        "floor_exposure": 0.3340054150132275,
        "max_column_x_deviation": 0.21509188365209542,
        "std_chair_x": 0.2589511442423596,
        "std_chair_y": 0.19416917675385809,
        "std_spacing": 0.08145076510644277,
        "x_variance": 0.06821230169467865,
        "y_variance": 0.03824242634445561
      },
      "std": {
        "aisle_chair_ratio": 0.07394978604605151,
        "aspect_variance": 0.09128979783862551,
        "avg_aspect_ratio": 0.13170466600871808,
        "avg_spacing": 0.03519637564245289,
        "blue_desk_exposure": 0.03812791931465403,
        "chair_coverage_ratio": 0.11390689709300333,
        "edge_density": 0.007402957152190119,
        "floor_exposure": 0.08137105851402644,
        "max_column_x_deviation": 0.03959842430150588,
        "std_chair_x": 0.03400891927496857,
        "std_chair_y": 0.02325418549819866,
        "std_spacing": 0.03097429564338154,
        "x_variance": 0.017527630021081254,
        "y_variance": 0.009774631132060032
      }
    }
  },
  "feature_importance": {
    "chair_coverage_ratio": {
      "fisher_score": 0.7289838320328591,
      "correct_mean": 0.816686755952381,
      "correct_std": 0.13700059892599437,
      "misplaced_mean": 0.7248464368386244,
      "misplaced_std": 0.11390689709300333,
      "threshold": 0.7707665963955027,
      "direction": "lower_is_misplaced"
    },
    "avg_aspect_ratio": {
      "fisher_score": 0.4037031535303604,
      "correct_mean": 1.6977081425884646,
      "correct_std": 0.15282081501679337,
      "misplaced_mean": 1.6401182737560238,
      "misplaced_std": 0.13170466600871808,
      "threshold": 1.6689132081722442,
      "direction": "lower_is_misplaced"
    },
    "std_chair_x": {
      "fisher_score": 0.3977901272128054,
      "correct_mean": 0.24252673144040782,
      "correct_std": 0.047465546978145055,
      "misplaced_mean": 0.2589511442423596,
      "misplaced_std": 0.03400891927496857,
      "threshold": 0.2507389378413837,
      "direction": "higher_is_misplaced"
    },
    "x_variance": {
      "fisher_score": 0.3401419302260394,
      "correct_mean": 0.061072193613102184,
      "correct_std": 0.02395980217015411,
      "misplaced_mean": 0.06821230169467865,
      "misplaced_std": 0.017527630021081254,
      "threshold": 0.06464224765389041,
      "direction": "higher_is_misplaced"
    },
    "std_spacing": {
      "fisher_score": 0.3347404097883,
      "correct_mean": 0.09362228817953443,
      "correct_std": 0.041046899306181786,
      "misplaced_mean": 0.08145076510644277,
      "misplaced_std": 0.03097429564338154,
      "threshold": 0.0875365266429886,
      "direction": "lower_is_misplaced"
    },
    "floor_exposure": {
      "fisher_score": 0.21579289920631292,
      "correct_mean": 0.31639849950396826,
      "correct_std": 0.08181178208353018,
      "misplaced_mean": 0.3340054150132275,
      "misplaced_std": 0.08137105851402644,
      "threshold": 0.3252019572585979,
      "direction": "higher_is_misplaced"
    },